0cafdd7f61	Konoba Vrilo	Konoba Vrilo	Konoba Vrilo
28c90f2ecc	Prud · Metković	Prud · Metković	Prud · Metković
394d912286	About us	Über uns	Chi siamo
acaddc4eb7	Specialities	Spezialitäten	Specialità
d41683899f	Menu	Speisekarte	Menù
66fadc7e10	Gallery	Galerie	Galleria
bc17c1f017	Video	Video	Video
0b9d2b2362	Blog	Blog	Blog
41ba510de4	Visit us	Besuchen Sie uns	Visitaci
a9b3275af6	Book	Reservieren	Prenota
8ea088d73d	10 am – 11 pm · every day · Prud, Metković	10–23 Uhr · jeden Tag · Prud, Metković	10–23 · ogni giorno · Prud, Metković
224b49386e	Neretva<br><em>specialities</em><br>at the spring of the Norin	Neretva-<br><em>Spezialitäten</em><br>an der Quelle des Norin	Specialità<br><em>della Neretva</em><br>alla sorgente del Norin
977c261707	Eel and frogs from the Neretva backwaters, freshwater prawns, fish from the grill and meat baked under the peka — in a konoba that stands right beside the spring of the river Norin.	Aal und Frösche aus den Neretva-Seitenarmen, Süßwassergarnelen, Fisch vom Grill und Fleisch unter der Peka — in einer Konoba direkt an der Quelle des Flusses Norin.	Anguille e rane delle lanche della Neretva, gamberi d'acqua dolce, pesce alla griglia e carne sotto la peka — in una konoba proprio accanto alla sorgente del fiume Norin.
8122b3011b	Call and book	Anrufen und reservieren	Chiama e prenota
b02b04f691	See the menu	Speisekarte ansehen	Vedi il menù
a33803ea70	<strong>4.8 / 5</strong><span>858 Google reviews</span>	<strong>4,8 / 5</strong><span>858 Google-Bewertungen</span>	<strong>4,8 / 5</strong><span>858 recensioni Google</span>
1f737590f4	<strong>13 / 20</strong><span>Gault&amp;Millau, Chef's Restaurant</span>	<strong>13 / 20</strong><span>Gault&amp;Millau, Chef's Restaurant</span>	<strong>13 / 20</strong><span>Gault&amp;Millau, Chef's Restaurant</span>
e586d68a04	<strong>10 am – 11 pm</strong><span>every day of the week</span>	<strong>10–23 Uhr</strong><span>jeden Tag der Woche</span>	<strong>10–23</strong><span>tutti i giorni</span>
d9d9725450	<span class="media-tag-num">13</span> <span class="media-tag-txt">/20 Gault&amp;Millau<br>Chef's Restaurant</span>	<span class="media-tag-num">13</span> <span class="media-tag-txt">/20 Gault&amp;Millau<br>Chef's Restaurant</span>	<span class="media-tag-num">13</span> <span class="media-tag-txt">/20 Gault&amp;Millau<br>Chef's Restaurant</span>
3c27ac4d9a	About the konoba	Über die Konoba	La konoba
d64b37f3f3	A kitchen that smells of the Neretva	Eine Küche, die nach Neretva riecht	Una cucina che profuma di Neretva
ed98d90deb	Konoba Vrilo stands beside the very spring of the river Norin, a few minutes' drive from Metković towards the border with Bosnia and Herzegovina. The interior is furnished in the traditional Dalmatian style — fishing traps, wooden boats and the frog, the emblem of Neretva cuisine.	Die Konoba Vrilo liegt direkt an der Quelle des Flusses Norin, wenige Minuten von Metković in Richtung der Grenze zu Bosnien und Herzegowina. Der Raum ist im traditionellen dalmatinischen Stil eingerichtet — Fischerreusen, Holzboote und der Frosch, das Wahrzeichen der Neretva-Küche.	La Konoba Vrilo si trova proprio accanto alla sorgente del fiume Norin, a pochi minuti d'auto da Metković verso il confine con la Bosnia ed Erzegovina. L'interno è arredato in stile dalmata tradizionale — nasse da pesca, barche di legno e la rana, simbolo della cucina della Neretva.
2db91c9ad6	The kitchen is led by chef <strong>Stojka Taslak</strong>. From the Neretva backwaters come eel and frogs, freshwater prawns, river and sea fish, and from the peka meat and home-made bread dipped in the sweet-and-savoury frota. Local Neretva wines complete the meal.	Die Küche leitet Chefköchin <strong>Stojka Taslak</strong>. Aus den Neretva-Seitenarmen kommen Aal und Frösche, Süßwassergarnelen, Fluss- und Meeresfisch, aus der Peka Fleisch und hausgemachtes Brot, das in die süß-salzige Frota getunkt wird. Weine aus den nahen Neretva-Weinbergen runden das Ganze ab.	La cucina è guidata dalla chef <strong>Stojka Taslak</strong>. Dalle lanche della Neretva arrivano anguilla e rane, gamberi d'acqua dolce, pesce di fiume e di mare, e dalla peka carne e pane fatto in casa da intingere nella frota agrodolce. I vini dei vicini vigneti della Neretva completano il pasto.
06c90bdc50	<span>Specialities</span>Eel · frogs · prawns · peka	<span>Spezialitäten</span>Aal · Frösche · Garnelen · Peka	<span>Specialità</span>Anguilla · rane · gamberi · peka
517a3b9672	<span>Chef</span>Stojka Taslak	<span>Chefin</span>Stojka Taslak	<span>Chef</span>Stojka Taslak
b5437d3005	<span>Guest rating</span>4.8 / 5 — 858 reviews	<span>Gästebewertung</span>4,8 / 5 — 858 Bewertungen	<span>Valutazione degli ospiti</span>4,8 / 5 — 858 recensioni
2a65934512	<span>Parking</span>Free, beside the konoba	<span>Parkplatz</span>Kostenlos, neben der Konoba	<span>Parcheggio</span>Gratuito, accanto alla konoba
722d5a44d2	From the house signature	Aus der Handschrift des Hauses	Dalla firma della casa
61479b536f	The dishes people come to Prud for	Gerichte, für die man nach Prud kommt	I piatti per cui si viene a Prud
35c4894773	The river gives the flavour, the peka gives the aroma. These are the dishes guests mention most often in their reviews.	Der Fluss gibt den Geschmack, die Peka den Duft. Das sind die Gerichte, die Gäste in ihren Bewertungen am häufigsten nennen.	Il fiume dà il sapore, la peka il profumo. Questi sono i piatti che gli ospiti citano più spesso nelle recensioni.
cc75384068	Frogs and eel in brudet	Frösche und Aal im Brudet	Rane e anguilla in brudet
74e41b8e6b	Frogs stewed with onion and eel in a thick, sweet-and-savoury brudet — the dish that brings generations back to the Neretva.	Frösche mit Zwiebel geschmort und Aal in einem dicken, süß-salzigen Brudet — das Gericht, für das Generationen in die Neretva zurückkehren.	Rane stufate con la cipolla e anguilla in un brudet denso e agrodolce — il piatto per cui generazioni tornano nella Neretva.
cda6e37a7e	Fish and eel from the grill	Fisch und Aal vom Grill	Pesce e anguilla alla griglia
3c2816e78a	Eel on the spit and river and sea fish from the grill, with chard, potatoes or seasonal vegetables.	Aal am Spieß sowie Fluss- und Meeresfisch vom Grill, mit Mangold, Kartoffeln oder Saisongemüse.	Anguilla allo spiedo e pesce di fiume e di mare alla griglia, con bietola, patate o verdure di stagione.
6c729dc908	Meat and bread under the peka	Fleisch und Brot unter der Peka	Carne e pane sotto la peka
f0cb5e0932	Lamb, veal shank and chicken under the peka, with home-made bread baked under the same peka.	Lamm, Kalbshaxe und Huhn unter der Peka, dazu hausgemachtes Brot, das unter derselben Peka gebacken wird.	Agnello, stinco di vitello e pollo sotto la peka, con pane fatto in casa cotto sotto la stessa peka.
60eecb9045	Octopus and squid	Polpo und Tintenfisch	Polpo e calamari
78e61ec352	Octopus under the peka, octopus salad and grilled squid — cold and warm starters to begin with.	Polpo unter der Peka, Polpo-Salat und Tintenfisch vom Grill — kalte und warme Vorspeisen für den Anfang.	Polpo sotto la peka, insalata di polpo e calamari alla griglia — antipasti freddi e caldi per iniziare.
ccebdf902f	What is eaten at Vrilo	Was man im Vrilo isst	Cosa si mangia al Vrilo
e757829b5f	The offer changes daily, according to the catch and the season. For dishes under the peka and larger groups we recommend booking a day ahead.	Das Angebot wechselt täglich, je nach Fang und Saison. Für Gerichte unter der Peka und größere Gruppen empfehlen wir eine Reservierung einen Tag vorher.	L'offerta cambia ogni giorno, secondo la pesca e la stagione. Per i piatti sotto la peka e i gruppi numerosi consigliamo di prenotare un giorno prima.
d0106c442e	From river and sea	Aus Fluss und Meer	Dal fiume e dal mare
ad45986a5c	Eel on the spit	Aal am Spieß	Anguilla allo spiedo
da3b824167	Frogs on the onion base	Frösche auf Zwiebelbett	Rane in cipollata
e8dc6495da	Brudet of frogs and eel	Brudet von Fröschen und Aal	Brudet di rane e anguilla
11c231fb27	Frog risotto	Frosch-Risotto	Risotto di rane
235f69636f	Freshwater prawns buzara	Süßwassergarnelen Buzara	Gamberi d'acqua dolce alla buzara
90e4f1adbb	Freshwater prawns from the grill	Süßwassergarnelen vom Grill	Gamberi d'acqua dolce alla griglia
026e5aab2a	Octopus under the peka	Polpo unter der Peka	Polpo sotto la peka
fa168dfc1c	Seafood risotto	Meeresfrüchte-Risotto	Risotto ai frutti di mare
efe8d96011	Under the peka and from the grill	Unter der Peka und vom Grill	Sotto la peka e alla griglia
32e997723d	Lamb under the peka	Lamm unter der Peka	Agnello sotto la peka
7f44c15f10	Veal shank under the peka	Kalbshaxe unter der Peka	Stinco di vitello sotto la peka
d3d84891e2	Chicken under the peka	Huhn unter der Peka	Pollo sotto la peka
168c1a2d5e	Home-made bread under the peka	Hausgemachtes Brot unter der Peka	Pane fatto in casa sotto la peka
6f002e4853	Mixed meat from the grill	Gemischtes Fleisch vom Grill	Carne mista alla griglia
8900f97a8f	Rump steak	Rumpsteak	Roastbeef
df9a843206	Squid from the grill	Tintenfisch vom Grill	Calamari alla griglia
4c8ba8c8c2	Sides, desserts and drinks	Beilagen, Desserts und Getränke	Contorni, dolci e bevande
cbdf06fbf3	Grilled vegetables	Grillgemüse	Verdure alla griglia
eaa451a80d	Chard with potatoes	Mangold mit Kartoffeln	Bietola con patate
9507715255	Home-grown potatoes and seasonal salad	Hauskartoffeln und Saisonsalat	Patate di casa e insalata di stagione
a19a05bd61	Pancakes and cake of the day	Pfannkuchen und Tageskuchen	Pancake e dolce del giorno
89194a4e8b	Wines from Neretva vineyards	Weine aus Neretva-Weinbergen	Vini dei vigneti della Neretva
2e5c9eb36a	Home-made brandies, beer, coffee	Hausgemachte Schnäpse, Bier, Kaffee	Acquaviti di casa, birra, caffè
db9871be96	Prices are displayed in the konoba. Tell us about allergies and special wishes when you book — the kitchen adapts.	Die Preise stehen in der Konoba. Allergien und Sonderwünsche sagen Sie uns bei der Reservierung — die Küche passt sich an.	I prezzi sono esposti nella konoba. Comunicaci allergie e richieste particolari al momento della prenotazione — la cucina si adatta.
354e8108d6	What an evening at Vrilo looks like	Wie ein Abend im Vrilo aussieht	Com'è una serata al Vrilo
87aeaba929	Video · from the field	Video · vom Feld	Video · dal campo
b5f15418c9	Watch before you come	Schauen Sie vorher rein	Guarda prima di venire
cc47fd46e3	Two clips from the channel <strong>Zvonimir Taslak</strong> — one from the water, one from the kitchen. The first takes you through the Neretva, the second shows how a real brudet is cooked.	Zwei Clips vom Kanal <strong>Zvonimir Taslak</strong> — einer vom Wasser, einer aus der Küche. Der erste führt durch die Neretva, der zweite zeigt, wie ein echter Brudet gekocht wird.	Due filmati dal canale <strong>Zvonimir Taslak</strong> — uno dall'acqua, uno dalla cucina. Il primo porta attraverso la Neretva, il secondo mostra come si cucina un vero brudet.
558865a16f	YouTube	YouTube	YouTube
c1cac41b91	<strong>When our boat sails — Konoba Vrilo</strong> Neretva backwaters, boats and the people who live from the river.	<strong>Wenn unser Boot fährt — Konoba Vrilo</strong> Neretva-Seitenarme, Boote und Menschen, die vom Fluss leben.	<strong>Quando la nostra barca naviga — Konoba Vrilo</strong> Lanche della Neretva, barche e gente che vive del fiume.
cc75383438	<strong>BRUDET</strong> Eel, frogs and the teća — the dish that shaped the valley. <a href="blog/neretvanski-brudet.html">Full recipe →</a>	<strong>BRUDET</strong> Aal, Frösche und die Teća — das Gericht, das das Tal geprägt hat. <a href="blog/neretvanski-brudet.html">Das ganze Rezept →</a>	<strong>BRUDET</strong> Anguilla, rane e la teća — il piatto che ha segnato la valle. <a href="blog/neretvanski-brudet.html">La ricetta completa →</a>
fc03b87bf8	“Frogs stewed with onion are especially tasty, served with home-made bread baked under the peka, ideal for dipping into the sweet-and-savoury frota. The eel — one of the most prized delicacies of the valley — is roasted on the spit.”	„Frösche mit Zwiebel geschmort sind besonders schmackhaft, serviert mit hausgemachtem Brot aus der Peka, ideal zum Tunken in die süß-salzige Frota. Der Aal — eine der geschätztesten Delikatessen des Tals — wird am Spieß gebraten.“	"Le rane stufate con la cipolla sono particolarmente gustose, servite con pane fatto in casa sotto la peka, ideale per intingere nella frota agrodolce. L'anguilla — una delle prelibatezze più apprezzate della valle — si arrostisce allo spiedo."
53675019a2	Gault&amp;Millau, rating <strong>13/20</strong>	Gault&amp;Millau, Bewertung <strong>13/20</strong>	Gault&amp;Millau, valutazione <strong>13/20</strong>
35e2f6dbd9	858 guest reviews on Google	858 Gästebewertungen auf Google	858 recensioni degli ospiti su Google
e11294ddb7	The best-rated place in Metković by number of reviews.	Der bestbewertete Ort in Metković nach Anzahl der Bewertungen.	Il locale meglio valutato di Metković per numero di recensioni.
d67964190c	Blog · Stories from the valley	Blog · Geschichten aus dem Tal	Blog · Storie dalla valle
4bd6d16130	The Neretva on a plate	Die Neretva auf dem Teller	La Neretva nel piatto
93d9b3fd73	Recipes, customs and dishes that have not changed in the Neretva for centuries. We write what we cook — from the backwaters to the polenta.	Rezepte, Bräuche und Gerichte, die sich in der Neretva seit Jahrhunderten nicht ändern. Wir schreiben, was wir kochen — von den Seitenarmen bis zur Polenta.	Ricette, usanze e piatti che nella Neretva non cambiano da secoli. Scriviamo ciò che cuciniamo — dalle lanche alla polenta.
97f9c73461	The Neretva delta — backwaters, reeds and a boat.	Das Neretva-Delta — Seitenarme, Schilf und ein Boot.	Il delta della Neretva — lanche, canneti e una barca.
c053414d9f	<strong>2</strong><span>published stories</span>	<strong>2</strong><span>veröffentlichte Geschichten</span>	<strong>2</strong><span>storie pubblicate</span>
13454acf90	<strong>2013.</strong><span>BBC Travel writes about the konoba and Neretva frogs</span>	<strong>2013</strong><span>BBC Travel schreibt über die Konoba und die Frösche der Neretva</span>	<strong>2013</strong><span>BBC Travel scrive della konoba e delle rane della Neretva</span>
12d6e49e9e	<strong>13/20</strong><span>Gault&amp;Millau rating</span>	<strong>13/20</strong><span>Gault&amp;Millau-Bewertung</span>	<strong>13/20</strong><span>valutazione Gault&amp;Millau</span>
3df23388a0	From the press	Aus der Presse	Dalla stampa
2c18e1b6aa	6 min read	6 Min. Lesezeit	6 min di lettura
9b2a63e3a8	Konoba Vrilo in the world's media	Konoba Vrilo in den Weltmedien	Konoba Vrilo sui media internazionali
fdff0ca603	In 2013 BBC Travel devoted a whole article to the Neretva frog tradition — and wrote it from our kitchen in Prud. Thirteen years later Gault&amp;Millau gives 13/20. What they wrote, and which address needs checking.	2013 widmete BBC Travel der Neretva-Froschtradition einen ganzen Artikel — geschrieben aus unserer Küche in Prud. Dreizehn Jahre später gibt Gault&amp;Millau 13/20. Was sie schrieben und welche Adresse zu prüfen ist.	Nel 2013 BBC Travel ha dedicato un intero articolo alla tradizione delle rane della Neretva — scritto dalla nostra cucina a Prud. Tredici anni dopo Gault&amp;Millau assegna 13/20. Cosa hanno scritto e quale indirizzo va verificato.
33c5cf6585	Read the whole story →	Die ganze Geschichte lesen →	Leggi tutta la storia →
63683b8b28	Recipe and story	Rezept und Geschichte	Ricetta e storia
c246f0c374	Neretva cuisine	Küche der Neretva	Cucina della Neretva
9dc48dd715	8 min read	8 Min. Lesezeit	8 min di lettura
eb7db253a3	Neretva brudet — soul of the Neretva valley	Neretva-Brudet — soul of the Neretva valley	Brudet della Neretva — soul of the Neretva valley
6a68c0dfea	Once a poor man's dish of eel and frogs, today the gastronomic symbol of the valley and a protected cultural asset. The story of brudet, the golden rules of preparation and the classic recipe for 4–6 people.	Einst ein Arme-Leute-Gericht aus Aal und Fröschen, heute das gastronomische Symbol des Tals und ein geschütztes Kulturgut. Die Geschichte des Brudet, die goldenen Regeln und das klassische Rezept für 4–6 Personen.	Un tempo piatto povero di anguilla e rane, oggi simbolo gastronomico della valle e bene culturale protetto. La storia del brudet, le regole d'oro e la ricetta classica per 4–6 persone.
e6d0e9d873	<span>All stories from the valley</span> <span class="blog-all-ico" aria-hidden="true">→</span>	<span>Alle Geschichten aus dem Tal</span> <span class="blog-all-ico" aria-hidden="true">→</span>	<span>Tutte le storie dalla valle</span> <span class="blog-all-ico" aria-hidden="true">→</span>
52916e7900	Prud 193, 20350 Metković	Prud 193, 20350 Metković	Prud 193, 20350 Metković
ac91b8547e	Beside the spring of the river Norin, on the road towards the border with Bosnia and Herzegovina.	An der Quelle des Flusses Norin, an der Straße zur Grenze nach Bosnien und Herzegowina.	Accanto alla sorgente del fiume Norin, sulla strada verso il confine con la Bosnia ed Erzegovina.
8925828cfb	<strong>Phone</strong> <a href="tel:+38520687139">+385 20 687 139</a>	<strong>Telefon</strong> <a href="tel:+38520687139">+385 20 687 139</a>	<strong>Telefono</strong> <a href="tel:+38520687139">+385 20 687 139</a>
1fcb5d888c	<strong>Mobile</strong> <a href="tel:+385955148011">+385 95 514 8011</a>	<strong>Mobil</strong> <a href="tel:+385955148011">+385 95 514 8011</a>	<strong>Cellulare</strong> <a href="tel:+385955148011">+385 95 514 8011</a>
6f4e789c64	Address	Adresse	Indirizzo
649b976f1e	Opening hours	Öffnungszeiten	Orari di apertura
87659d63af	Monday – Thursday	Montag – Donnerstag	Lunedì – Giovedì
7cb9e3c53c	Friday – Saturday	Freitag – Samstag	Venerdì – Sabato
3fffcb34e3	Sunday	Sonntag	Domenica
9319789089	Free parking	Kostenloser Parkplatz	Parcheggio gratuito
ae5f507649	Terrace	Terrasse	Terrazza
52eec6539a	Pets welcome	Haustiere willkommen	Animali benvenuti
170bb025c1	Wheelchair access	Rollstuhlzugang	Accesso per disabili
c3bc1cd5e6	Cards and NFC	Karten und NFC	Carte e NFC
bae4ae6595	Delivery and takeaway	Lieferung und Abholung	Consegna e asporto
237637e1c3	Call the konoba	Konoba anrufen	Chiama la konoba
b8c5a3dea5	Open navigation →	Navigation öffnen →	Apri la navigazione →
7e59eee71c	Prud 193, 20350 Metković · +385 20 687 139	Prud 193, 20350 Metković · +385 20 687 139	Prud 193, 20350 Metković · +385 20 687 139
a92b9bcb16	Contact	Kontakt	Contatti
b6f834db27	© <span id="year">2026</span> Konoba Vrilo. Content and photographs were compiled from public sources (Gault&amp;Millau, smokvina.hr, Google reviews) — replace them with your own photographs and current prices before publishing.	© <span id="year">2026</span> Konoba Vrilo. Inhalte und Fotos wurden aus öffentlichen Quellen zusammengestellt (Gault&amp;Millau, smokvina.hr, Google-Bewertungen) — vor der Veröffentlichung durch eigene Fotos und aktuelle Preise ersetzen.	© <span id="year">2026</span> Konoba Vrilo. Contenuti e fotografie sono stati compilati da fonti pubbliche (Gault&amp;Millau, smokvina.hr, recensioni Google) — prima della pubblicazione sostituirli con foto proprie e prezzi aggiornati.
bc8471fced	Konoba Vrilo — frog and eel in a boat	Konoba Vrilo — Frosch und Aal im Boot	Konoba Vrilo — rana e anguilla in barca
83c4cba1ad	Open navigation	Navigation öffnen	Apri la navigazione
a862b600f7	Eel on the spit in front of the open fire in the konoba's hearth	Aal am Spieß vor dem offenen Feuer im Herd der Konoba	Anguilla allo spiedo davanti al fuoco aperto nel focolare della konoba
f5d979e0da	Scroll to content	Zum Inhalt scrollen	Scorri al contenuto
ee5bccbda2	Interior of Konoba Vrilo — stone walls, wooden tables and bar	Innenraum der Konoba Vrilo — Steinwände, Holztische und Bar	Interno della Konoba Vrilo — muri in pietra, tavoli di legno e bar
03b57c2ec1	Grilled fish with vegetables	Fisch vom Grill mit Gemüse	Pesce alla griglia con verdure
0cc1588e75	Meat under the peka over an open fire	Fleisch unter der Peka über offenem Feuer	Carne sotto la peka su fuoco aperto
7ee9f8c8e5	Octopus and squid from the grill	Polpo und Tintenfisch vom Grill	Polpo e calamari alla griglia
2bcf05937f	Entrance and terrace of Konoba Vrilo	Eingang und Terrasse der Konoba Vrilo	Ingresso e terrazza della Konoba Vrilo
bad5b3b14c	Roast meat with vegetables	Bratenfleisch mit Gemüse	Carne arrosto con verdure
5f9f195635	Meat from the grill, potatoes and sauce	Fleisch vom Grill, Kartoffeln und Sauce	Carne alla griglia, patate e salsa
ecbe2bc6d4	Interior of the konoba	Innenraum der Konoba	Interno della konoba
1add1ec1d6	Octopus salad and squid from the grill	Polpo-Salat und Tintenfisch vom Grill	Insalata di polpo e calamari alla griglia
8b94bd4c6c	Open fire and peka	Offenes Feuer und Peka	Fuoco aperto e peka
a5d5db2d1b	Fish from the grill and vegetables	Fisch vom Grill und Gemüse	Pesce alla griglia e verdure
e34202a370	Meat from the grill at Konoba Vrilo	Fleisch vom Grill in der Konoba Vrilo	Carne alla griglia alla Konoba Vrilo
fc11ac6991	Eel on the spit over the embers in the konoba's hearth	Aal am Spieß über der Glut im Herd der Konoba	Anguilla allo spiedo sulla brace nel focolare della konoba
18202c3ce9	When our boat sails — Konoba Vrilo	Wenn unser Boot fährt — Konoba Vrilo	Quando la nostra barca naviga — Konoba Vrilo
97b900082f	Play video: When our boat sails — Konoba Vrilo	Video abspielen: Wenn unser Boot fährt — Konoba Vrilo	Riproduci video: Quando la nostra barca naviga — Konoba Vrilo
c7b504f25b	BRUDET — a clip of the Neretva brudet being prepared	BRUDET — ein Clip über die Zubereitung des Neretva-Brudet	BRUDET — filmato della preparazione del brudet della Neretva
d3c6959b55	Play video: BRUDET	Video abspielen: BRUDET	Riproduci video: BRUDET
f594e313bb	4.8 out of 5	4,8 von 5	4,8 su 5
d9aeac0939	Illustration of the Neretva delta with backwaters, reeds and a boat	Illustration des Neretva-Deltas mit Seitenarmen, Schilf und Boot	Illustrazione del delta della Neretva con lanche, canneti e una barca
5837f77149	Entrance and terrace of Konoba Vrilo in Prud	Eingang und Terrasse der Konoba Vrilo in Prud	Ingresso e terrazza della Konoba Vrilo a Prud
c567ca05d8	Brudet of frogs and eel in a teća	Brudet von Fröschen und Aal in einer Teća	Brudet di rane e anguilla in una teća
13ed186edd	Map — Konoba Vrilo, Prud	Karte — Konoba Vrilo, Prud	Mappa — Konoba Vrilo, Prud
549f59348d	Konoba Vrilo — logo	Konoba Vrilo — Logo	Konoba Vrilo — logo
f811bbb8f4	Enlarged view	Vergrößerte Ansicht	Vista ingrandita
83848bfb9d	Close	Schließen	Chiudi
929d65a300	Konoba Vrilo in Prud near Metković — eel and frogs from the Neretva backwaters, fish from the grill, meat and bread under the peka. Gault&amp;Millau 13/20, guest rating 4.8/5.	Konoba Vrilo in Prud bei Metković — Aal und Frösche aus den Neretva-Seitenarmen, Fisch vom Grill, Fleisch und Brot unter der Peka. Gault&amp;Millau 13/20, Gästebewertung 4,8/5.	Konoba Vrilo a Prud presso Metković — anguilla e rane delle lanche della Neretva, pesce alla griglia, carne e pane sotto la peka. Gault&amp;Millau 13/20, valutazione degli ospiti 4,8/5.
210457ba5d	<a href="../index.html">Konoba Vrilo</a> <span aria-hidden="true">/</span> <span>Blog</span>	<a href="../index.html">Konoba Vrilo</a> <span aria-hidden="true">/</span> <span>Blog</span>	<a href="../index.html">Konoba Vrilo</a> <span aria-hidden="true">/</span> <span>Blog</span>
add6ccf81e	Recipes, customs and dishes that have not changed for centuries in the Neretva valley. We write what we cook — from the backwaters to the polenta.	Rezepte, Bräuche und Gerichte, die sich im Neretva-Tal seit Jahrhunderten nicht ändern. Wir schreiben, was wir kochen — von den Seitenarmen bis zur Polenta.	Ricette, usanze e piatti che nella valle della Neretva non cambiano da secoli. Scriviamo ciò che cuciniamo — dalle lanche alla polenta.
172cc2340d	<strong>With the story: BRUDET</strong> A clip of the preparation — with the recipe from the article.	<strong>Zur Geschichte: BRUDET</strong> Ein Clip der Zubereitung — mit dem Rezept aus dem Artikel.	<strong>Con la storia: BRUDET</strong> Un filmato della preparazione — con la ricetta dell'articolo.
33be112d33	We publish new stories during the season — about eel on the spit, frogs on the onion base, freshwater prawns and wines from Neretva vineyards.	Während der Saison veröffentlichen wir neue Geschichten — über Aal am Spieß, Frösche auf dem Zwiebelbett, Süßwassergarnelen und Weine aus Neretva-Weinbergen.	Durante la stagione pubblichiamo nuove storie — sull'anguilla allo spiedo, le rane in cipollata, i gamberi d'acqua dolce e i vini dei vigneti della Neretva.
f4210a0534	Instead of reading	Statt zu lesen	Invece di leggere
292a4131a5	Come and taste it where it is made	Kommen Sie und probieren Sie es dort, wo es entsteht	Venite ad assaggiarlo dove nasce
a6ec45fc64	Brudet of frogs and eel, eel on the spit and home-made bread under the peka — beside the spring of the river Norin in Prud.	Brudet von Fröschen und Aal, Aal am Spieß und hausgemachtes Brot unter der Peka — an der Quelle des Flusses Norin in Prud.	Brudet di rane e anguilla, anguilla allo spiedo e pane fatto in casa sotto la peka — accanto alla sorgente del fiume Norin a Prud.
e1e6dd0144	Breadcrumb	Brotkrümelnavigation	Percorso
a2974fa479	The Konoba Vrilo blog: Neretva brudet, eel, frogs, polenta and the customs of the Neretva valley. Stories from the kitchen and classic recipes.	Der Blog der Konoba Vrilo: Neretva-Brudet, Aal, Frösche, Polenta und die Bräuche des Neretva-Tals. Geschichten aus der Küche und klassische Rezepte.	Il blog della Konoba Vrilo: brudet della Neretva, anguilla, rane, polenta e le usanze della valle della Neretva. Storie dalla cucina e ricette classiche.
21d311e3bc	Blog — stories and recipes from the Neretva valley	Blog — Geschichten und Rezepte aus dem Neretva-Tal	Blog — storie e ricette dalla valle della Neretva
3ccd177c63	Recipes, customs and dishes that have not changed for centuries in the Neretva valley.	Rezepte, Bräuche und Gerichte, die sich im Neretva-Tal seit Jahrhunderten nicht ändern.	Ricette, usanze e piatti che nella valle della Neretva non cambiano da secoli.
3518061923	<a href="../index.html">Konoba Vrilo</a> <span aria-hidden="true">/</span> <a href="index.html">Blog</a> <span aria-hidden="true">/</span> <span>Brudet</span>	<a href="../index.html">Konoba Vrilo</a> <span aria-hidden="true">/</span> <a href="index.html">Blog</a> <span aria-hidden="true">/</span> <span>Brudet</span>	<a href="../index.html">Konoba Vrilo</a> <span aria-hidden="true">/</span> <a href="index.html">Blog</a> <span aria-hidden="true">/</span> <span>Brudet</span>
7a00c44b7f	Neretva cuisine · recipe and story	Küche der Neretva · Rezept und Geschichte	Cucina della Neretva · ricetta e storia
97f4c3d5a4	Neretva brudet —<br><em>soul of the Neretva valley</em>	Neretva-Brudet —<br><em>soul of the Neretva valley</em>	Brudet della Neretva —<br><em>soul of the Neretva valley</em>
e08a23af7f	If you have ever passed through Opuzen, Metković or Ploče and smelled onion, tomato and something that reminds you of sea and river at the same time — you have probably come across Neretva brudet (locally also <em>brujet</em> or <em>brodet</em>).	Wenn Sie je durch Opuzen, Metković oder Ploče gefahren sind und den Geruch von Zwiebel, Tomate und etwas, das gleichzeitig an Meer und Fluss erinnert, wahrgenommen haben — dann sind Sie wahrscheinlich dem Neretva-Brudet begegnet (lokal auch <em>brujet</em> oder <em>brodet</em>).	Se avete mai attraversato Opuzen, Metković o Ploče e sentito il profumo di cipolla, pomodoro e di qualcosa che ricorda insieme mare e fiume — probabilmente avete incontrato il brudet della Neretva (localmente anche <em>brujet</em> o <em>brodet</em>).
2cc59fd560	Time	Zeit	Tempo
4b96f011ce	35–40 min	35–40 Min.	35–40 min
d63bcfcf90	Serves	Für	Per
42cb3ab8fe	4–6 people	4–6 Personen	4–6 persone
c39caae5e0	Difficulty	Schwierigkeit	Difficoltà
03cce32081	medium	mittel	media
f6f5a1d433	Read	Lesezeit	Lettura
55bc201c0f	8 min	8 Min.	8 min
1fbd503133	This is no ordinary fish stew. It is a dish that smells of the delta, of boats, of old fishing techniques and of generations who turned poverty into a delicacy.	Das ist kein gewöhnlicher Fischeintopf. Es ist ein Gericht, das nach dem Delta riecht, nach Booten, nach alten Fangmethoden und nach Generationen, die aus Armut eine Delikatesse gemacht haben.	Non è un normale stufato di pesce. È un piatto che profuma di delta, di barche, di antiche tecniche di pesca e di generazioni che hanno trasformato la povertà in una prelibatezza.
868976b2d0	From a poor man's dish to a protected cultural asset	Vom Arme-Leute-Gericht zum geschützten Kulturgut	Da piatto povero a bene culturale protetto
0438b10b5f	Once the people of the Neretva ate what they could catch in the backwaters and channels: <strong>eels and frogs</strong>. Brudet was an everyday lunch. Today it is the gastronomic symbol of the whole valley, and in <strong>2022</strong> the skill of preparing it was entered in the Register of Intangible Cultural Heritage of the Republic of Croatia.	Einst aßen die Menschen der Neretva, was sie in den Seitenarmen und Kanälen fangen konnten: <strong>Aale und Frösche</strong>. Brudet war ein alltägliches Mittagessen. Heute ist es das gastronomische Symbol des ganzen Tals, und <strong>2022</strong> wurde die Kunst seiner Zubereitung in das Register des immateriellen Kulturerbes der Republik Kroatien eingetragen.	Un tempo la gente della Neretva mangiava ciò che riusciva a pescare nelle lanche e nei canali: <strong>anguille e rane</strong>. Il brudet era il pranzo di ogni giorno. Oggi è il simbolo gastronomico di tutta la valle e nel <strong>2022</strong> l'arte della sua preparazione è stata iscritta nel Registro dei beni culturali immateriali della Repubblica di Croazia.
1402ad749a	Every household has its own version, but the basic rules stay the same.	Jeder Haushalt hat seine eigene Version, aber die Grundregeln bleiben gleich.	Ogni casa ha la sua versione, ma le regole di base restano le stesse.
0047510840	The golden rules of brudet	Die goldenen Regeln des Brudet	Le regole d'oro del brudet
2b52265b6b	First comes the <strong>eel with the onion</strong>.	Zuerst kommt der <strong>Aal mit der Zwiebel</strong>.	Prima viene l'<strong>anguilla con la cipolla</strong>.
fa85afbe49	The pot is <strong>never stirred with a spoon</strong> — it is only shaken gently.	Der Topf wird <strong>nie mit dem Löffel umgerührt</strong> — er wird nur leicht geschüttelt.	La pentola <strong>non si mescola mai con il cucchiaio</strong> — si scuote solo delicatamente.
dc7990ce98	At the end a little <strong>vinegar (kvasina)</strong> is added.	Zum Schluss kommt etwas <strong>Essig (Kvasina)</strong> dazu.	Alla fine si aggiunge un po' di <strong>aceto (kvasina)</strong>.
47a60a2b79	It is served with <strong>cooked polenta</strong>.	Serviert wird es mit <strong>gekochter Polenta</strong>.	Si serve con la <strong>polenta cotta</strong>.
599153dab1	Every year Opuzen hosts the <strong>Neretva Brudetijada</strong> — a competition in which teams cook the “real” brudet of eels and frogs. It is a true celebration of local identity.	Jedes Jahr findet in Opuzen die <strong>Neretva-Brudetijada</strong> statt — ein Wettbewerb, bei dem Teams den „echten“ Brudet aus Aalen und Fröschen kochen. Ein wahres Fest der lokalen Identität.	Ogni anno a Opuzen si tiene la <strong>Brudetijada della Neretva</strong> — una gara in cui le squadre cucinano il brudet “vero” di anguille e rane. Una vera festa dell'identità locale.
33524114e4	Classic recipe <span class="h2-note">for 4–6 people</span>	Klassisches Rezept <span class="h2-note">für 4–6 Personen</span>	Ricetta classica <span class="h2-note">per 4–6 persone</span>
52f163f842	Ingredients	Zutaten	Ingredienti
f99f4dc206	1 kg of eel (cut into 4–5 cm “bells”)	1 kg Aal (in 4–5 cm „Glocken“ geschnitten)	1 kg di anguilla (tagliata a “campane” di 4–5 cm)
d1f19bb6d8	12–16 cleaned frogs	12–16 gereinigte Frösche	12–16 rane pulite
a01d706dd9	300–400 g of grey mullet or other white fish (optional)	300–400 g Meeräsche oder anderer Weißfisch (nach Wunsch)	300–400 g di cefalo o altro pesce bianco (facoltativo)
1a7f16fe66	2 large onions	2 große Zwiebeln	2 cipolle grandi
9c707836c7	3–4 cloves of garlic	3–4 Knoblauchzehen	3–4 spicchi d'aglio
344d0533f2	2–3 hot Neretva peppers (or to taste)	2–3 scharfe Neretva-Paprika (oder nach Geschmack)	2–3 peperoncini piccanti della Neretva (o q.b.)
b2d991af16	2–3 bay leaves	2–3 Lorbeerblätter	2–3 foglie di alloro
bcd7f885e3	400–500 g of ripe tomatoes or 2 tbsp of concentrate	400–500 g reife Tomaten oder 2 EL Konzentrat	400–500 g di pomodori maturi o 2 cucchiai di concentrato
bd3b3cbfc5	3–4 tbsp of olive oil	3–4 EL Olivenöl	3–4 cucchiai di olio d'oliva
2972131cb1	1–2 tbsp of vinegar (home-made kvasina)	1–2 EL Essig (hausgemachte Kvasina)	1–2 cucchiai di aceto (kvasina fatta in casa)
6a360aaaf5	salt, a little sugar (if the acidity needs softening)	Salz, etwas Zucker (wenn die Säure abgemildert werden muss)	sale, un po' di zucchero (se serve attenuare l'acidità)
3083635482	parsley for sprinkling	Petersilie zum Bestreuen	prezzemolo per spolverare
21eee01077	Preparation	Zubereitung	Preparazione
4f3d9b4299	In a wide, shallow pot (traditionally a <em>kutlača</em> or a teća with a thicker base) heat the olive oil.	In einem breiten, flachen Topf (traditionell eine <em>kutlača</em> oder eine Teća mit dickem Boden) das Olivenöl erhitzen.	In una pentola larga e bassa (tradizionalmente una <em>kutlača</em> o una teća dal fondo spesso) scaldate l'olio d'oliva.
3d4e975167	Add the chopped onion and stew until it turns glassy.	Die gehackte Zwiebel zugeben und anschwitzen, bis sie glasig wird.	Aggiungete la cipolla tritata e stufate finché non diventa trasparente.
4f3b9bf43a	Add the garlic, bay and hot peppers. After a minute add the chopped tomato or the concentrate.	Knoblauch, Lorbeer und scharfe Paprika zugeben. Nach einer Minute die gehackten Tomaten oder das Konzentrat hinzufügen.	Aggiungete aglio, alloro e peperoncini. Dopo un minuto unite i pomodori tritati o il concentrato.
fb4dbc5d69	When the tomato has reduced, lay in the eel, pour over water just to cover it and add salt.	Wenn die Tomaten eingekocht sind, den Aal einlegen, mit Wasser knapp bedecken und salzen.	Quando il pomodoro si è ristretto, adagiate l'anguilla, copritela appena con acqua e salate.
230d5e027a	Cook over a low heat without stirring — only shake the pot occasionally.	Bei schwacher Hitze ohne Umrühren kochen — den Topf nur gelegentlich schütteln.	Cuocete a fuoco basso senza mescolare — scuotete la pentola solo ogni tanto.
ac653a3195	After 20–25 minutes add the frogs, and 2–3 minutes before the end the fish.	Nach 20–25 Minuten die Frösche zugeben, 2–3 Minuten vor Ende den Fisch.	Dopo 20–25 minuti aggiungete le rane e 2–3 minuti prima della fine il pesce.
b536fea1f1	Finally pour in the vinegar. Total cooking time is about 35–40 minutes.	Zum Schluss den Essig eingießen. Die Gesamtgarzeit beträgt etwa 35–40 Minuten.	Infine versate l'aceto. La cottura totale dura circa 35–40 minuti.
6989d6daa0	Brudet must be <strong>thick, aromatic and lightly hot</strong>. It is ideally eaten with cooked polenta that soaks up all that sauce.	Brudet muss <strong>dick, aromatisch und leicht scharf</strong> sein. Am besten isst man ihn mit gekochter Polenta, die all die Sauce aufsaugt.	Il brudet deve essere <strong>denso, aromatico e leggermente piccante</strong>. Si mangia idealmente con la polenta cotta che assorbe tutta quella salsa.
98cd95323c	<span class="video-src">YouTube</span> Watch how brudet is made — a clip from the Zvonimir Taslak channel. <a href="https://www.youtube.com/watch?v=RHNb4iPOMU0" target="_blank" rel="noopener">Open on YouTube →</a>	<span class="video-src">YouTube</span> Sehen Sie, wie Brudet entsteht — ein Clip vom Kanal Zvonimir Taslak. <a href="https://www.youtube.com/watch?v=RHNb4iPOMU0" target="_blank" rel="noopener">Auf YouTube öffnen →</a>	<span class="video-src">YouTube</span> Guardate come nasce il brudet — un filmato dal canale Zvonimir Taslak. <a href="https://www.youtube.com/watch?v=RHNb4iPOMU0" target="_blank" rel="noopener">Apri su YouTube →</a>
faff4173cd	The same river, a different plate: fish from the grill at Konoba Vrilo.	Derselbe Fluss, ein anderes Gericht: Fisch vom Grill in der Konoba Vrilo.	Lo stesso fiume, un altro piatto: pesce alla griglia alla Konoba Vrilo.
c616b5a263	A few tips from the Neretva	Ein paar Tipps aus der Neretva	Qualche consiglio dalla Neretva
4ca70e0b30	The eel must be <strong>fresh and well cleaned</strong>.	Der Aal muss <strong>frisch und gut gereinigt</strong> sein.	L'anguilla deve essere <strong>fresca e ben pulita</strong>.
9dcf744604	<strong>Do not stir!</strong> That is the golden rule — otherwise it falls apart.	<strong>Nicht umrühren!</strong> Das ist die goldene Regel — sonst zerfällt es.	<strong>Non mescolate!</strong> È la regola d'oro — altrimenti si disfa.
689f817715	Hot pepper gives character. Without it, it is not quite “Neretva”.	Scharfe Paprika gibt Charakter. Ohne sie ist es nicht wirklich „Neretva“.	Il peperoncino dà carattere. Senza non è proprio “della Neretva”.
d78dded1be	If you have no frogs, it can be made with eel and grey mullet alone — it is still authentic.	Wenn Sie keine Frösche haben, geht es auch nur mit Aal und Meeräsche — es bleibt authentisch.	Se non avete le rane, si fa anche solo con anguilla e cefalo — resta autentico.
7dd1c7920e	It is best eaten at once, while hot, with home-made bread or polenta.	Am besten isst man es sofort, solange es heiß ist, mit hausgemachtem Brot oder Polenta.	Meglio mangiarlo subito, ben caldo, con pane fatto in casa o polenta.
ee1df47f47	Why you have to try it	Warum Sie es probieren müssen	Perché dovete assaggiarlo
c234f4a3e6	Because in one bowl you get the whole story of the Neretva: the river, the people, the tradition and what the generations managed to preserve. It is not just a dish — it is the memory of a hard life turned into pleasure.	Denn in einer Schüssel bekommen Sie die ganze Geschichte der Neretva: den Fluss, die Menschen, die Tradition und das, was die Generationen bewahrt haben. Das ist nicht nur ein Gericht — es ist die Erinnerung an ein hartes Leben, verwandelt in Genuss.	Perché in una scodella ricevete tutta la storia della Neretva: il fiume, la gente, la tradizione e ciò che le generazioni sono riuscite a conservare. Non è solo un piatto — è il ricordo di una vita dura trasformato in piacere.
7e2f035fa4	Next time you are in the Neretva valley, look for a konoba that cooks a real brudet. Or even better — go to the Brudetijada. You will experience something that cannot be described in words… only by taste.	Wenn Sie das nächste Mal im Neretva-Tal sind, suchen Sie eine Konoba, die einen echten Brudet kocht. Oder noch besser — gehen Sie zur Brudetijada. Sie erleben etwas, das sich nicht in Worten beschreiben lässt … nur im Geschmack.	La prossima volta che sarete nella valle della Neretva, cercate una konoba che cucini un brudet vero. O ancora meglio — andate alla Brudetijada. Vivrete qualcosa che non si può descrivere a parole… solo con il gusto.
44ca55866a	Interesting: in 2013 this region was also described by <a href="https://www.bbc.com/travel/article/20130721-leaping-into-croatias-frog-leg-tradition" target="_blank" rel="noopener">BBC Travel</a> — the feature on Neretva frogs was written from Konoba Vrilo itself. <a href="konoba-vrilo-u-medijima.html">Read what they wrote →</a>	Interessant: 2013 wurde diese Gegend auch von <a href="https://www.bbc.com/travel/article/20130721-leaping-into-croatias-frog-leg-tradition" target="_blank" rel="noopener">BBC Travel</a> beschrieben — die Reportage über die Frösche der Neretva entstand direkt in der Konoba Vrilo. <a href="konoba-vrilo-u-medijima.html">Lesen Sie, was sie schrieben →</a>	Curioso: nel 2013 questa zona è stata descritta anche da <a href="https://www.bbc.com/travel/article/20130721-leaping-into-croatias-frog-leg-tradition" target="_blank" rel="noopener">BBC Travel</a> — il servizio sulle rane della Neretva è stato scritto proprio dalla Konoba Vrilo. <a href="konoba-vrilo-u-medijima.html">Leggete cosa hanno scritto →</a>
1422bd50ff	Enjoy your meal! 🥣🌿	Guten Appetit! 🥣🌿	Buon appetito! 🥣🌿
22da2f7e42	Brudet of frogs and eel at Vrilo	Brudet von Fröschen und Aal im Vrilo	Brudet di rane e anguilla al Vrilo
a6a25650e3	We cook it by the rules of the valley — in a teća, without stirring, with polenta.	Wir kochen es nach den Regeln des Tals — in der Teća, ohne Umrühren, mit Polenta.	Lo cuciniamo secondo le regole della valle — nella teća, senza mescolare, con la polenta.
518543b072	← All stories from the valley	← Alle Geschichten aus dem Tal	← Tutte le storie dalla valle
9181670e55	At a glance	Auf einen Blick	In breve
47dd511ba9	<span>Dish</span>Brudet (brujet, brodet)	<span>Gericht</span>Brudet (brujet, brodet)	<span>Piatto</span>Brudet (brujet, brodet)
751b471716	<span>Region</span>Neretva valley, Dalmatia	<span>Region</span>Neretva-Tal, Dalmatien	<span>Regione</span>Valle della Neretva, Dalmazia
fb97c17dd5	<span>Main</span>Eel and frogs	<span>Hauptzutat</span>Aal und Frösche	<span>Principale</span>Anguilla e rane
ee40e8077f	<span>Side</span>Cooked polenta	<span>Beilage</span>Gekochte Polenta	<span>Contorno</span>Polenta cotta
5b1f3edcb7	<span>Protection</span>Register of Intangible Cultural Heritage, 2022	<span>Schutz</span>Register des immateriellen Kulturerbes, 2022	<span>Tutela</span>Registro dei beni culturali immateriali, 2022
b6370157df	Contents	Inhalt	Indice
b64234b6fa	From a poor man's dish to a protected asset	Vom Arme-Leute-Gericht zum geschützten Gut	Da piatto povero a bene protetto
3566c10b81	Classic recipe	Klassisches Rezept	Ricetta classica
3a781b41c0	Tips from the Neretva	Tipps aus der Neretva	Consigli dalla Neretva
ced1fda270	The Neretva Brudetijada	Die Neretva-Brudetijada	La Brudetijada della Neretva
077c9004f4	Every year in Opuzen teams cook the “real” brudet of eels and frogs. A true celebration of local identity.	Jedes Jahr kochen in Opuzen Teams den „echten“ Brudet aus Aalen und Fröschen. Ein wahres Fest der lokalen Identität.	Ogni anno a Opuzen le squadre cucinano il brudet “vero” di anguille e rane. Una vera festa dell'identità locale.
93fc9aa00f	Read also	Lesen Sie auch	Leggi anche
46b9c21ebf	Konoba Vrilo in the world's media — BBC and Gault&amp;Millau →	Konoba Vrilo in den Weltmedien — BBC und Gault&amp;Millau →	Konoba Vrilo sui media internazionali — BBC e Gault&amp;Millau →
6ecc9d78f9	Beside the spring of the Norin	An der Quelle des Norin	Accanto alla sorgente del Norin
35fb490898	Try it where it is made	Probieren Sie es dort, wo es entsteht	Assaggiatelo dove nasce
c0918c9523	Prud 193, 20350 Metković — ten minutes from Metković, towards the border with Bosnia and Herzegovina.	Prud 193, 20350 Metković — zehn Minuten von Metković, Richtung Grenze zu Bosnien und Herzegowina.	Prud 193, 20350 Metković — dieci minuti da Metković, verso il confine con la Bosnia ed Erzegovina.
4b788a7145	<a class="btn btn-solid" href="tel:+38520687139">+385 20 687 139</a> <a class="btn btn-ghost" href="https://maps.google.com/?q=Prudi+ulica+193,+Metkovi%C4%87" target="_blank" rel="noopener">Open the map</a>	<a class="btn btn-solid" href="tel:+38520687139">+385 20 687 139</a> <a class="btn btn-ghost" href="https://maps.google.com/?q=Prudi+ulica+193,+Metkovi%C4%87" target="_blank" rel="noopener">Karte öffnen</a>	<a class="btn btn-solid" href="tel:+38520687139">+385 20 687 139</a> <a class="btn btn-ghost" href="https://maps.google.com/?q=Prudi+ulica+193,+Metkovi%C4%87" target="_blank" rel="noopener">Apri la mappa</a>
8477ff658b	Brudet of frogs and eel in a wide teća	Brudet von Fröschen und Aal in einer breiten Teća	Brudet di rane e anguilla in una teća larga
71fa70b0d4	Grilled fish and vegetables at Konoba Vrilo	Fisch vom Grill und Gemüse in der Konoba Vrilo	Pesce alla griglia e verdure alla Konoba Vrilo
a4ff44dc85	The story of Neretva brudet: from a poor man's dish of eel and frogs to a protected cultural asset. The golden rules and the classic recipe for 4–6 people.	Die Geschichte des Neretva-Brudet: vom Arme-Leute-Gericht aus Aal und Fröschen zum geschützten Kulturgut. Die goldenen Regeln und das klassische Rezept für 4–6 Personen.	La storia del brudet della Neretva: da piatto povero di anguilla e rane a bene culturale protetto. Le regole d'oro e la ricetta classica per 4–6 persone.
3e7e115c9a	Once a poor man's dish of eel and frogs, today the gastronomic symbol of the Neretva valley. The story, the golden rules and the classic recipe for 4–6 people.	Einst ein Arme-Leute-Gericht aus Aal und Fröschen, heute das gastronomische Symbol des Neretva-Tals. Die Geschichte, die goldenen Regeln und das klassische Rezept für 4–6 Personen.	Un tempo piatto povero di anguilla e rane, oggi simbolo gastronomico della valle della Neretva. La storia, le regole d'oro e la ricetta classica per 4–6 persone.
772b15c546	<a href="../index.html">Konoba Vrilo</a> <span aria-hidden="true">/</span> <a href="index.html">Blog</a> <span aria-hidden="true">/</span> <span>Neretva brudet</span>	<a href="../index.html">Konoba Vrilo</a> <span aria-hidden="true">/</span> <a href="index.html">Blog</a> <span aria-hidden="true">/</span> <span>Neretva-Brudet</span>	<a href="../index.html">Konoba Vrilo</a> <span aria-hidden="true">/</span> <a href="index.html">Blog</a> <span aria-hidden="true">/</span> <span>Brudet della Neretva</span>
bf2e2d1b65	About the konoba · from the press	Über die Konoba · aus der Presse	La konoba · dalla stampa
c4553d0fd2	In 2013 BBC Travel devoted a whole article to the Neretva tradition of eating frogs — and wrote it from our kitchen in Prud. Thirteen years later, Gault&amp;Millau gives the konoba <strong>13/20</strong>. Two references and one address that needs checking.	2013 widmete BBC Travel der Neretva-Tradition des Froschessens einen ganzen Artikel — geschrieben aus unserer Küche in Prud. Dreizehn Jahre später gibt Gault&amp;Millau der Konoba <strong>13/20</strong>. Zwei Referenzen und eine Adresse, die zu prüfen ist.	Nel 2013 BBC Travel ha dedicato un intero articolo alla tradizione della Neretva di mangiare le rane — scritto dalla nostra cucina a Prud. Tredici anni dopo, Gault&amp;Millau assegna alla konoba <strong>13/20</strong>. Due referenze e un indirizzo da verificare.
768ce7d692	Sources	Quellen	Fonti
232c5f7d2b	BBC · Gault&amp;Millau	BBC · Gault&amp;Millau	BBC · Gault&amp;Millau
160b284f6a	<span>BBC published</span><strong>21 July 2013</strong>	<span>BBC veröffentlicht</span><strong>21. Juli 2013</strong>	<span>BBC pubblicato</span><strong>21 luglio 2013</strong>
284757c9f5	<span>Rating</span><strong>13/20</strong>	<span>Bewertung</span><strong>13/20</strong>	<span>Valutazione</span><strong>13/20</strong>
a715321f88	6 min	6 Min.	6 min
5851c2585f	Few konobas in Croatia can say that the BBC wrote about them. Konoba Vrilo is one of them — and not in passing: the British journalist sat at our table, watched frogs caught the night before being cleaned, and wrote a story that is still read today.	Wenige Konobas in Kroatien können sagen, dass die BBC über sie geschrieben hat. Die Konoba Vrilo ist eine davon — und nicht nebenbei: Der britische Journalist saß an unserem Tisch, sah zu, wie die in der Nacht zuvor gefangenen Frösche gereinigt wurden, und schrieb eine Geschichte, die heute noch gelesen wird.	Poche konoba in Croazia possono dire che la BBC ha scritto di loro. La Konoba Vrilo è una di queste — e non di passaggio: il giornalista britannico si è seduto al nostro tavolo, ha guardato pulire le rane catturate la notte prima e ha scritto una storia che si legge ancora oggi.
e3f5141a4e	BBC Travel: “Leaping into Croatia’s frog leg tradition”	BBC Travel: „Leaping into Croatia’s frog leg tradition“	BBC Travel: “Leaping into Croatia’s frog leg tradition”
6e56374097	On 21 July 2013 the British public broadcaster published a feature on the Croatian tradition of eating frog legs. The author travelled the Neretva delta and <strong>placed the centre of the story in Konoba Vrilo</strong> in Prud.	Am 21. Juli 2013 veröffentlichte der britische öffentlich-rechtliche Sender eine Reportage über die kroatische Tradition des Froschschenkel-Essens. Der Autor bereiste das Neretva-Delta und <strong>setzte das Zentrum der Geschichte in die Konoba Vrilo</strong> in Prud.	Il 21 luglio 2013 il servizio pubblico britannico ha pubblicato un reportage sulla tradizione croata di mangiare le zampe di rana. L'autore ha percorso il delta della Neretva e <strong>ha posto il centro della storia nella Konoba Vrilo</strong> a Prud.
aa754d4076	The article begins in our kitchen: some sixty freshly cleaned frogs in a large bowl, caught the night before. The dish of the day was <strong>brudet of frogs and eel</strong> — a thick stew rich with pieces, seasoned with bay and hot peppers. With it came sweet polenta and a carafe of <strong>žilavka</strong>, a citrusy white wine from vineyards on the other side of the border, a few hundred metres away.	Der Artikel beginnt in unserer Küche: rund sechzig frisch gereinigte Frösche in einer großen Schüssel, in der Nacht zuvor gefangen. Das Tagesgericht war <strong>Brudet von Fröschen und Aal</strong> — ein dicker, stückreicher Eintopf, gewürzt mit Lorbeer und scharfen Paprika. Dazu gab es süße Polenta und eine Karaffe <strong>Žilavka</strong>, ein zitrusartiger Weißwein aus Weinbergen auf der anderen Seite der Grenze, wenige hundert Meter entfernt.	L'articolo inizia nella nostra cucina: una sessantina di rane appena pulite in una grande ciotola, catturate la notte prima. Il piatto del giorno era il <strong>brudet di rane e anguilla</strong> — uno stufato denso e ricco di pezzi, insaporito con alloro e peperoncini. Con esso arrivavano la polenta dolce e una caraffa di <strong>žilavka</strong>, un vino bianco agrumato dei vigneti dall'altra parte del confine, a poche centinaia di metri.
d0525c796f	What the BBC highlighted	Was die BBC besonders hervorhob	Ciò che la BBC ha evidenziato
0f2b74052f	Konoba Vrilo is a <strong>family konoba</strong> in Prud, on the edge of the delta.	Die Konoba Vrilo ist eine <strong>Familienkonoba</strong> in Prud, am Rand des Deltas.	La Konoba Vrilo è una <strong>konoba di famiglia</strong> a Prud, ai margini del delta.
b136ce8f5c	Frogs are caught <strong>at night, by lamp</strong> — the frog thinks it is the sun, comes up and is taken by hand.	Frösche werden <strong>nachts mit der Lampe</strong> gefangen — der Frosch hält sie für die Sonne, kommt hoch und wird mit der Hand genommen.	Le rane si catturano <strong>di notte, con la lampada</strong> — la rana crede che sia il sole, sale e viene presa con la mano.
20bc07c332	All frogs on delta menus are <strong>caught one by one</strong>, because an attempt at farming failed.	Alle Frösche auf den Speisekarten des Deltas werden <strong>einzeln gefangen</strong>, weil ein Zuchtversuch gescheitert ist.	Tutte le rane nei menù del delta sono <strong>catturate una per una</strong>, perché un tentativo di allevamento è fallito.
e3b1c2e5d5	The frog leg is <strong>lean and light</strong> — low in fat, low in cholesterol.	Das Froschschenkel ist <strong>mager und leicht</strong> — wenig Fett, wenig Cholesterin.	La zampa di rana è <strong>magra e leggera</strong> — pochi grassi, poco colesterolo.
a5197ec9e9	The author also asked where the tradition comes from. The travel writer Alberto Fortis noted in 1774 that locals “would rather die of hunger than eat a frog”, and two years later the ethnographer Ivan Lovrić corrected him. The BBC used that debate as the frame of the story — and then moved on to Gorski kotar and <em>Frog Night</em>, where frogs compete at jumping.	Der Autor fragte auch nach dem Ursprung der Tradition. Der Reiseschriftsteller Alberto Fortis notierte 1774, die Einheimischen „würden lieber vor Hunger sterben, als einen Frosch zu essen“, und zwei Jahre später korrigierte ihn der Ethnograf Ivan Lovrić. Die BBC nutzte diese Debatte als Rahmen der Geschichte — und wechselte dann nach Gorski kotar zum <em>Froschabend</em>, wo Frösche um die Wette springen.	L'autore si è chiesto anche da dove venga la tradizione. Il viaggiatore Alberto Fortis nel 1774 annotò che gli abitanti “preferirebbero morire di fame piuttosto che mangiare una rana”, e due anni dopo l'etnografo Ivan Lovrić lo corresse. La BBC ha usato quel dibattito come cornice della storia — per poi passare al Gorski kotar e alla <em>Notte delle rane</em>, dove le rane gareggiano nel salto.
6606565a72	Alongside the brudet and polenta, the article also features <strong>Stipe Taslak</strong>, the son of our chef, who explained why frog farming in the delta failed. Zoran Turajlić of the agency <em>Vacation in Dubrovnik</em> is quoted too, regularly bringing his guests on the same route.	Neben Brudet und Polenta erscheint im Artikel auch <strong>Stipe Taslak</strong>, der Sohn unserer Chefköchin, der erklärte, warum die Froschzucht im Delta gescheitert ist. Zitiert wird auch Zoran Turajlić von der Agentur <em>Vacation in Dubrovnik</em>, der seine Gäste regelmäßig auf dieselbe Route bringt.	Accanto al brudet e alla polenta, nell'articolo compare anche <strong>Stipe Taslak</strong>, il figlio della nostra chef, che ha spiegato perché l'allevamento delle rane nel delta è fallito. È citato anche Zoran Turajlić dell'agenzia <em>Vacation in Dubrovnik</em>, che porta regolarmente i suoi ospiti sullo stesso percorso.
29e59903b1	Brudet of frogs and eel — the dish the BBC described in 2013.	Brudet von Fröschen und Aal — das Gericht, das die BBC 2013 beschrieb.	Brudet di rane e anguilla — il piatto che la BBC ha descritto nel 2013.
639ef48775	Full article: <a href="https://www.bbc.com/travel/article/20130721-leaping-into-croatias-frog-leg-tradition" target="_blank" rel="noopener">Leaping into Croatia’s frog leg tradition</a> — BBC Travel, 21 July 2013 (in English)	Ganzer Artikel: <a href="https://www.bbc.com/travel/article/20130721-leaping-into-croatias-frog-leg-tradition" target="_blank" rel="noopener">Leaping into Croatia’s frog leg tradition</a> — BBC Travel, 21. Juli 2013 (auf Englisch)	Articolo completo: <a href="https://www.bbc.com/travel/article/20130721-leaping-into-croatias-frog-leg-tradition" target="_blank" rel="noopener">Leaping into Croatia’s frog leg tradition</a> — BBC Travel, 21 luglio 2013 (in inglese)
d7d456175e	Gault&amp;Millau: 13/20 and “authentic cuisine”	Gault&amp;Millau: 13/20 und „authentische Küche“	Gault&amp;Millau: 13/20 e “cucina autentica”
47a369d15d	The Croatian edition of the Gault&amp;Millau guide rates Konoba Vrilo <strong>13 out of 20</strong> and places it in the <em>authentic cuisine</em> category. The practical data list chef <strong>Stojka Taslak</strong>, <em>local and traditional</em> cuisine, and among the amenities pets allowed, wheelchair access and private parking.	Die kroatische Ausgabe des Gault&amp;Millau-Führers bewertet die Konoba Vrilo mit <strong>13 von 20</strong> und ordnet sie der Kategorie <em>authentische Küche</em> zu. In den praktischen Angaben stehen Chefköchin <strong>Stojka Taslak</strong>, <em>lokale und traditionelle</em> Küche, und als Ausstattung Haustiere erlaubt, Rollstuhlzugang und Privatparkplatz.	L'edizione croata della guida Gault&amp;Millau valuta la Konoba Vrilo <strong>13 su 20</strong> e la colloca nella categoria <em>cucina autentica</em>. Nei dati pratici figurano la chef <strong>Stojka Taslak</strong>, cucina <em>locale e tradizionale</em>, e tra i servizi animali ammessi, accesso per disabili e parcheggio privato.
1feaba2e6e	The review describes the konoba as an authentic Neretva konoba beside the very spring of the river Norin, furnished in the traditional Dalmatian style with fishing traps, boats and the frog as the symbol of the region. The recommendation is clear: <strong>frogs stewed on onion</strong>, with home-made bread under the peka to soak up the sweet sauce.	Die Rezension beschreibt die Konoba als authentische Neretva-Konoba direkt an der Quelle des Flusses Norin, eingerichtet im traditionellen dalmatinischen Stil mit Fischerreusen, Booten und dem Frosch als Symbol der Region. Die Empfehlung ist klar: <strong>Frösche auf Zwiebel geschmort</strong>, dazu hausgemachtes Brot aus der Peka, das die süße Sauce aufsaugt.	La recensione descrive la konoba come un'autentica konoba della Neretva proprio accanto alla sorgente del fiume Norin, arredata in stile dalmata tradizionale con nasse da pesca, barche e la rana come simbolo della zona. Il consiglio è chiaro: <strong>rane stufate con la cipolla</strong>, con pane fatto in casa sotto la peka per assorbire la salsa dolce.
0bf0b449cd	What the guide singles out from the menu	Was der Führer aus der Speisekarte hervorhebt	Cosa il guida evidenzia dal menù
006c367c65	Frogs stewed on onion, with bread under the peka	Frösche auf Zwiebel geschmort, mit Brot aus der Peka	Rane stufate con la cipolla, con pane sotto la peka
440e3eea86	Fried frogs and frog risotto	Panierte Frösche und Frosch-Risotto	Rane fritte e risotto di rane
e4a261200f	Traditional spicy brudet, with eel	Traditioneller scharfer Brudet, mit Aal	Brudet tradizionale piccante, con anguilla
05faf61326	Eel on the spit, with chard and potatoes	Aal am Spieß, mit Mangold und Kartoffeln	Anguilla allo spiedo, con bietola e patate
53a1b2541c	Prawns buzara or from the grill	Garnelen Buzara oder vom Grill	Gamberi alla buzara o alla griglia
59b65d8bb3	Steak and lamb under the peka	Steak und Lamm unter der Peka	Bistecca e agnello sotto la peka
0e2c51f2ef	Pancakes and cake of the day for dessert	Pfannkuchen und Tageskuchen als Dessert	Pancake e dolce del giorno come dessert
32280a9146	Wines of local varieties from nearby wineries	Weine lokaler Sorten aus benachbarten Weingütern	Vini di vitigni locali delle cantine vicine
ddf705d5f2	Full review: <a href="https://hr.gaultmillau.com/hr/restaurants/konoba-vrilo" target="_blank" rel="noopener">Konoba Vrilo</a> — Gault&amp;Millau Croatia	Ganze Rezension: <a href="https://hr.gaultmillau.com/hr/restaurants/konoba-vrilo" target="_blank" rel="noopener">Konoba Vrilo</a> — Gault&amp;Millau Kroatien	Recensione completa: <a href="https://hr.gaultmillau.com/hr/restaurants/konoba-vrilo" target="_blank" rel="noopener">Konoba Vrilo</a> — Gault&amp;Millau Croazia
f9c5d5dc7e	One thing to check: the address	Eine Sache, die zu prüfen ist: die Adresse	Una cosa da verificare: l'indirizzo
8b3602d8ae	Here we will be completely open, because this is a question that confuses guests. Our data and Google show the address <strong>Prud 193</strong>, while Gault&amp;Millau lists <strong>Prud 192</strong>. It is the same konoba — but the house number is not aligned.	Hier sind wir ganz offen, denn diese Frage verwirrt Gäste. Unsere Angaben und Google zeigen die Adresse <strong>Prud 193</strong>, während Gault&amp;Millau <strong>Prud 192</strong> nennt. Es ist dieselbe Konoba — aber die Hausnummer ist nicht abgestimmt.	Qui saremo del tutto trasparenti, perché è una questione che confonde gli ospiti. I nostri dati e Google indicano l'indirizzo <strong>Prud 193</strong>, mentre Gault&amp;Millau riporta <strong>Prud 192</strong>. È la stessa konoba — ma il numero civico non è allineato.
756d4eaeb1	Until the first check with the authorities, the most reliable way to navigate is to use the <strong>coordinates</strong> (43.095118, 17.618279) or Google Maps, rather than the house number. If you are driving towards the border, the konoba stands beside the very spring of the river Norin and is hard to miss.	Bis zur ersten Prüfung bei den Behörden ist für die Navigation am zuverlässigsten die <strong>Koordinaten</strong> (43.095118, 17.618279) oder Google Maps zu nutzen, nicht die Hausnummer. Wenn Sie Richtung Grenze fahren, liegt die Konoba direkt an der Quelle des Flusses Norin und ist kaum zu verfehlen.	Fino al primo controllo presso le autorità, per la navigazione è più affidabile usare le <strong>coordinate</strong> (43.095118, 17.618279) o Google Maps, non il numero civico. Se guidate verso il confine, la konoba si trova proprio accanto alla sorgente del fiume Norin ed è difficile da mancare.
6cd7eff613	Come and see why they wrote about us	Kommen Sie und sehen Sie, warum über uns geschrieben wurde	Venite a vedere perché hanno scritto di noi
a260acd207	Frogs on onion, brudet with eel and bread under the peka — every day from 10 am to 11 pm.	Frösche auf Zwiebel, Brudet mit Aal und Brot aus der Peka — jeden Tag von 10 bis 23 Uhr.	Rane in cipollata, brudet con anguilla e pane sotto la peka — ogni giorno dalle 10 alle 23.
f19ce56dd5	Sources and references	Quellen und Referenzen	Fonti e riferimenti
1b566e857c	Source	Quelle	Fonte
8af9810589	Year	Jahr	Anno
956a0e5bf2	What it says	Was darin steht	Cosa dice
021523b4bc	BBC Travel	BBC Travel	BBC Travel
fa0d53fbe9	A feature on the Neretva frog tradition; the story is set in Konoba Vrilo	Eine Reportage über die Neretva-Froschtradition; die Geschichte spielt in der Konoba Vrilo	Un reportage sulla tradizione delle rane della Neretva; la storia è ambientata nella Konoba Vrilo
a8cc1c2f65	Gault&amp;Millau	Gault&amp;Millau	Gault&amp;Millau
88097894db	Rating 13/20, category “authentic cuisine”, chef Stojka Taslak	Bewertung 13/20, Kategorie „authentische Küche“, Chefköchin Stojka Taslak	Valutazione 13/20, categoria “cucina autentica”, chef Stojka Taslak
60783495f1	If you come across another article about the konoba — Croatian or foreign — let us know. We will gladly add it here.	Wenn Sie einen weiteren Artikel über die Konoba finden — kroatisch oder ausländisch — sagen Sie uns Bescheid. Wir nehmen ihn gerne hier auf.	Se trovate un altro articolo sulla konoba — croato o straniero — fatecelo sapere. Lo aggiungeremo volentieri qui.
6ad849cd70	<span>Konoba</span>Konoba Vrilo, Prud	<span>Konoba</span>Konoba Vrilo, Prud	<span>Konoba</span>Konoba Vrilo, Prud
da4180cfc6	<span>Cuisine</span>Local and traditional	<span>Küche</span>Lokal und traditionell	<span>Cucina</span>Locale e tradizionale
f70ec64385	<span>Rating</span>13/20, Gault&amp;Millau	<span>Bewertung</span>13/20, Gault&amp;Millau	<span>Valutazione</span>13/20, Gault&amp;Millau
890e08d78c	<span>In the media</span>BBC Travel, 2013	<span>In den Medien</span>BBC Travel, 2013	<span>Sui media</span>BBC Travel, 2013
f602f2b4d3	What the guide highlights	Was der Führer hervorhebt	Cosa evidenzia la guida
4ce49275e3	Address to check	Indirizzo da verificare	Indirizzo da verificare
0d713c65bd	Neretva brudet — soul of the Neretva valley →	Neretva-Brudet — soul of the Neretva valley →	Brudet della Neretva — soul of the Neretva valley →
27ad1fddd7	Open every day from 10 am to 11 pm. For dishes under the peka and larger groups we recommend booking a day ahead.	Jeden Tag von 10 bis 23 Uhr geöffnet. Für Gerichte unter der Peka und größere Gruppen empfehlen wir eine Reservierung einen Tag vorher.	Aperto tutti i giorni dalle 10 alle 23. Per i piatti sotto la peka e i gruppi numerosi consigliamo di prenotare un giorno prima.
bf975a98be	<a class="btn btn-solid" href="tel:+38520687139">+385 20 687 139</a> <a class="btn btn-ghost" href="https://maps.google.com/?q=43.095118,17.618279" target="_blank" rel="noopener">Open the map</a>	<a class="btn btn-solid" href="tel:+38520687139">+385 20 687 139</a> <a class="btn btn-ghost" href="https://maps.google.com/?q=43.095118,17.618279" target="_blank" rel="noopener">Karte öffnen</a>	<a class="btn btn-solid" href="tel:+38520687139">+385 20 687 139</a> <a class="btn btn-ghost" href="https://maps.google.com/?q=43.095118,17.618279" target="_blank" rel="noopener">Apri la mappa</a>
75d005ede8	© <span id="year">2026</span> Konoba Vrilo. Quotations and data from external sources (BBC Travel, Gault&amp;Millau) are given with a link to the original text.	© <span id="year">2026</span> Konoba Vrilo. Zitate und Daten aus externen Quellen (BBC Travel, Gault&amp;Millau) sind mit einem Link zum Originaltext versehen.	© <span id="year">2026</span> Konoba Vrilo. Citazioni e dati da fonti esterne (BBC Travel, Gault&amp;Millau) sono riportati con un link al testo originale.
93969ab1ae	In 2013 BBC Travel devoted an article to the Neretva frog tradition and to Konoba Vrilo in Prud. Gault&amp;Millau gives the konoba 13/20. What they wrote and which address needs checking.	2013 widmete BBC Travel einen Artikel der Neretva-Froschtradition und der Konoba Vrilo in Prud. Gault&amp;Millau gibt der Konoba 13/20. Was sie schrieben und welche Adresse zu prüfen ist.	Nel 2013 BBC Travel ha dedicato un articolo alla tradizione delle rane della Neretva e alla Konoba Vrilo a Prud. Gault&amp;Millau assegna alla konoba 13/20. Cosa hanno scritto e quale indirizzo va verificato.
7508a44203	Konoba Vrilo in the world's media — BBC Travel and Gault&amp;Millau	Konoba Vrilo in den Weltmedien — BBC Travel und Gault&amp;Millau	Konoba Vrilo sui media internazionali — BBC Travel e Gault&amp;Millau
149e42244e	BBC Travel on the Neretva frog tradition and Konoba Vrilo; Gault&amp;Millau 13/20. Two references and one address to check.	BBC Travel über die Neretva-Froschtradition und die Konoba Vrilo; Gault&amp;Millau 13/20. Zwei Referenzen und eine zu prüfende Adresse.	BBC Travel sulla tradizione delle rane della Neretva e la Konoba Vrilo; Gault&amp;Millau 13/20. Due referenze e un indirizzo da verificare.
de515e00b8	Konoba Vrilo · Prud, Metković — Neretva specialities	Konoba Vrilo · Prud, Metković — Spezialitäten der Neretva	Konoba Vrilo · Prud, Metković — specialità della Neretva
91e4f7bdb8	Blog — stories and recipes from the Neretva valley · Konoba Vrilo	Blog — Geschichten und Rezepte aus dem Neretva-Tal · Konoba Vrilo	Blog — storie e ricette dalla valle della Neretva · Konoba Vrilo
04e2ee91b5	Neretva brudet — soul of the Neretva valley · Konoba Vrilo blog	Neretva-Brudet — soul of the Neretva valley · Blog der Konoba Vrilo	Brudet della Neretva — soul of the Neretva valley · blog della Konoba Vrilo
8d4829eeea	Konoba Vrilo in the world's media — BBC Travel and Gault&amp;Millau · Konoba Vrilo blog	Konoba Vrilo in den Weltmedien — BBC Travel und Gault&amp;Millau · Blog der Konoba Vrilo	Konoba Vrilo sui media internazionali — BBC Travel e Gault&amp;Millau · blog della Konoba Vrilo
